Abrasive Products,,
Accommodation and Food Services,,
Accommodations,,
Accounting Services,,
"Accounting, Tax Preparation, Bookkeeping and Payroll Services",,
Activities Related to Credit Intermediation,,
Activities Related to Real Estate,,
Adhesives,,
Administration of Air and Water Resource and Solid Waste Management Programs,, 
Administration of Conservation Programs,,
Administration of Economic Programs,,
Administration of Education Programs,,
Administration of Environmental Quality Programs,,
Administration of General Economic Programs,,
Administration of Housing Programs,,
"Administration of Housing Programs, Urban Planning and Community Development",,
Administration of Human Resource Programs,,
Administration of Public Health Programs,,
Administration of Urban Planning and Community and Rural Development,,
Administration of Veterans' Affairs,,
Administrative and Support and Waste Management and Remediation Services,,
Administrative and Support Services,,
Administrative Management and General Management Consulting Services,,
Advertising Agencies,,
Advertising Material Distribution Services,,
"Advertising, Public Relations and Related Services",,
Aerospace Product and Parts,,
"Agencies, Brokerages and Insurance Related Activities",,
"Agents and Managers for Artists, Athletes, Entertainers and Public Figures",,
Agricultural Implement,,
"Agriculture, Construction and Mining Machinery",,
"Agriculture, Forestry, Fishing and Hunting",,
Air and Gas Compressor,,
Air Traffic Control,,
Air Transportation,,
Air-Conditioning and Warm Air Heating Equipment and Commercial and Industrial Refrigeration Equipment,,
Aircraft,,
Aircraft Engine and Engine Parts,,
Aircraft Parts and Auxiliary Equipment,,
Airport Operations,,
Alumina and Aluminum Production and Processing,,
Alumina Refining and Primary Aluminum Production,,
Aluminum Foundries,,
"Aluminum Rolling, Drawing and Extruding",,
"Aluminum Sheet, Plate and Foil",,
Ambulance Services,,
Ambulatory Health Care Services,,
American Indian and Alaska Native Tribal Governments,,
Ammunition,,
Amusement and Recreation Industries,,
Amusement and Theme Parks,,
Amusement Arcades,,
Amusement Parks and Arcades,,
"Amusement, Gambling and Recreation Industries",,
Analytical Laboratory Instrument,,
Animal Food,,
Animal Production,,
Animal Production and Aquaculture,,
Animal Slaughtering,,
Animal Slaughtering and Processing,,
Anthracite Mining,,
Apiculture,,
Apparel,,
Apparel Accessories and Apparel,,
Apparel Knitting Mills,,
"Apparel, Piece Goods and Notions",,
Apple Orchards,,
Appliance Repair and Maintenance,,
Apprenticeship Training,,
Aquaculture,,
Architectural and Structural Metals,,
Architectural Services,,
"Architectural, Engineering and Related Services",,
Armored Car Services,,
Art Dealers,,
Artificial and Synthetic Fibers and Filaments,,
"Arts, Entertainment and Recreation",,
Asphalt Paving Mixture and Block,,
"Asphalt Paving, Roofing and Saturated Materials",,
Asphalt Shingle and Coating Materials,,
Assisted Living Facilities for the Elderly,,
Audio and Video Equipment,,
"Automatic Environmental Control for Residential, Commercial and Appliance Use",,
Automobile,,
Automobile and Light Duty Motor Vehicle,,
Automobile and Motor Vehicle,,
Automobile Dealers,,
Automobile Driving Schools,,
"Automotive Body, Paint and Interior Repair and Maintenance",,
"Automotive Body, Paint, Interior and Glass Repair",,
Automotive Equipment Rental and Leasing,,
Automotive Exhaust System Repair,,
Automotive Glass Replacement Shops,,
Automotive Mechanical and Electrical Repair and Maintenance,,
Automotive Oil Change and Lubrication Shops,,
Automotive Parts and Accessories Stores,,
"Automotive Parts, Accessories and Tire Stores",,
Automotive Repair and Maintenance,,
Automotive Transmission Repair,,
Baked Goods Stores,,
Bakeries and Tortilla,,
Ball and Roller Bearing,,
Bank Holding Companies,,
Barber Shops,,
Bare Printed Circuit Board,,
Basic Chemical,,
Basic Inorganic Chemical,,
Basic Organic Chemical,,
Battery,,
Beauty Salons,,
Bed-and-Breakfast Inns,,
Beef Cattle Ranching and Farming,,
"Beef Cattle Ranching and Farming, including Feedlots",,
Beer and Ale,,
"Beer, Wine and Distilled Alcoholic Beverage",,
"Beer, Wine and Liquor Stores",,
Beet Sugar,,
Berry Farming,,
Beverage,,
Beverage and Tobacco Product,,
Biological Product,,
Biomass Electric Power Generation,,
Bituminous Coal and Lignite Surface Mining,,
Bituminous Coal Underground Mining,,
Blank Magnetic and Optical Recording Media,,
Blind and Shade,,
Blood and Organ Banks,,
Boat Building,,
Boat Dealers,,
"Boiler, Tank and Shipping Container",,
"Bolt, Nut, Screw, Rivet and Washer",,
Book Publishers,,
Book Stores,,
Book Stores and News Dealers,,
"Book, Periodical and Newspaper",,
Books Printing,,
Bottled Water,,
Bowling Centers,,
Bread and Bakery Product,,
Breakfast Cereal,,
Breweries,,
"Brick, Stone and Related Construction Material",,
Broadcasting,,
Broadwoven Fabric Mills,,
Broilers and Meat Type Chicken Production,,
"Broom, Brush and Mop",,
Building Equipment Contractors,,
Building Finishing Contractors,,
Building Inspection Services,,
Building Material and Garden Equipment and Supplies Dealers,,
Building Material and Supplies Dealers,,
Building Material Dealers,,
Burial Casket,,
Bus and Motor Vehicle Transit Systems,,
Business and Secretarial Schools,,
Business Associations,,
Business Schools and Computer and Management Training,,
Business Service Centers,,
Business Support Services,,
Business to Business Electronic Markets,,
"Business, Professional, Labor, Political and Similar Organizations",,
Cable and Subscription Programming,,
"Cafeterias, Grill Buffets and Buffets",,
Cane Sugar,,
"Capacitor, Resistor, Coil, Transformer and Inductor",,
Car Washes,,
Carbon and Graphite Product,,
Carpet and Rug Mills,,
Carpet and Upholstery Cleaning Services,,
Casino Hotels,,
Casinos,,
Caterers,,
Cattle Feedlots,,
Cattle Ranching and Farming,,
Cement,,
Cement and Concrete Product,,
Cemeteries and Crematories,,
Certified Public Accountants,,
Charter Bus Industry,,
Cheese,,
Chemical,,
Chemical and Allied Products,,
Chemical and Fertilizer Mineral Mining,,
Chemical Product and Preparation,,
Chicken Egg Production,,
Child and Youth Services,,
Child Day Care Services,,
Children's and Infants' Clothing Stores,,
Chiropractors,,
Chocolate and Confectionery,,
Chocolate and Confectionery from Cacao Beans,,
Citrus Groves,,
Civic and Social Organizations,,
Claims Adjusting,,
Clay and Ceramic and Refractory Minerals Mining,,
Clay Building Material and Refractories,,
Clay Product and Refractory,,
Clothing Accessories Stores,,
Clothing and Clothing Accessories Stores,,
Clothing Stores,,
Coal and Mineral and Ore,,
Coal Mining,,
Coastal and Great Lakes Freight Transportation,,
Coastal and Great Lakes Passenger Transportation,,
"Coating, Engraving, Heat Treating and Allied Activities",,
Coffee and Tea,,
Coin-Operated Laundries and Drycleaners,,
Collection Agencies,,
"Colleges, Universities and Professional Schools",,
"Commercial Air, Rail and Water Transportation Equipment Rental and Leasing",,
Commercial and Industrial Machinery and Equipment Rental and Leasing,,
Commercial and Industrial Machinery and Equipment Repair and Maintenance,,
Commercial and Institutional Building Construction,,
Commercial and Service Industry Machinery,,
Commercial Bakeries,,
Commercial Banking,,
Commercial Equipment,,
Commercial Photography,,
Commercial Printing,,
Commercial Screen Printing,,
"Commercial, Industrial and Institutional Electric Lighting Fixture",,
Commodity Contracts Brokerage,,
Commodity Contracts Dealing,,
Communication and Energy Wire,,
Communication and Energy Wire and Cable,,
Communication Equipment Repair and Maintenance,,
Communications Equipment,,
"Community Food and Housing, and Emergency and Relief Services",,
Community Food Services,,
Community Housing Services,,
Commuter Rail Systems,,
Computer and Computer Peripheral Equipment and Software,,
Computer and Electronic Product,,
Computer and Office Machine Repair and Maintenance,,
Computer and Peripheral Equipment,,
Computer Facilities Management Services,,
Computer Related Services,,
Computer Storage Device,,
Computer Systems Design and Related Services,,
Computer Systems Design Services,,
Computer Terminal and Computer Peripheral Equipment,,
Computer Training,,
Concrete Block and Brick,,
Concrete Pipe,,
"Concrete Pipe, Brick and Block",,
Concrete Product,,
Confectionery,,
Confectionery and Nut Stores,,
Confectionery from Purchased Chocolate,,
Construction,,
Construction and Mining Machinery and Equipment,,
Construction Machinery,,
Construction Material,,
Construction of Buildings,,
Construction Sand and Gravel Mining,,
"Construction, Mining and Forestry Machinery and Equipment Rental and Leasing",,
"Construction, Transportation, Mining and Forestry Machinery and Equipment Rental and Leasing",,
Consumer Electronics and Appliances Rental,,
Consumer Electronics Repair and Maintenance,,
Consumer Goods Rental,,
Consumer Lending,,
Continuing Care Retirement Communities,,
Continuing Care Retirement Communities and Assisted Living Facilities for the Elderly,,
Convenience Stores,,
Convention and Trade Show Organizers,,
Convention and Visitors Bureaus,,
Converted Paper Product,,
Conveyor and Conveying Equipment,,
Cookie and Cracker,,
"Cookie, Cracker and Pasta",,
Copper Ore and Nickel Ore Mining,,
"Copper Rolling, Drawing, Extruding and Alloying",,
"Copper, Nickel, Lead and Zinc Mining",,
Corn Farming,,
"Corporate, Subsidiary and Regional Managing Offices",,
Correctional Institutions,,
Corrugated and Solid Fiber Box,,
"Cosmetics, Beauty Supplies and Perfume Stores",,
Cosmetology and Barber Schools,,
Cotton Farming,,
Cotton Ginning,,
Couriers and Express Delivery Services,,
Couriers and Messengers,,
Court Reporting and Stenotype Services,,
Courts,,
Creamery Butter,,
Credit Bureaus,,
Credit Card Issuing,,
Credit Intermediation and Related Activities,,
Credit Unions,,
Crop Farming,,
"Crop Harvesting, Primarily by Machine",,
Crop Production,,
Crude Petroleum and Natural Gas Extraction,,
Crushed and Broken Granite Mining and Quarrying,,
Crushed and Broken Limestone Mining and Quarrying,,
Crushed and Broken Stone Mining and Quarrying,,
Current-Carrying Wiring Device,,
Curtain and Linen Mills,,
Custom Architectural Woodwork and Millwork,,
Custom Compounding of Purchased Resins,,
Custom Computer Programming Services,,
Custom Roll Forming,,
Cut and Sew Apparel,,
Cut and Sew Apparel Contractors,,
"Cut Stock, Resawing Lumber and Planing",,
Cut Stone and Stone Product,,
Cutlery and Handtool,,
Cutting Tool and Machine Tool Accessory,,
"Cyclic Crude, Intermediate and Gum and Wood Chemical",,
Dairy Cattle and Milk Production,,
Dairy Product,,
Dance Companies,,
"Data Processing, Hosting and Related Services",,
Death Care Services,,
Deep Sea Freight Transportation,,
Deep Sea Passenger Transportation,,
"Deep Sea, Coastal and Great Lakes Water Transportation",,
Dental Equipment and Supplies,,
Dental Laboratories,,
Dentists,,
Department Stores,,
Depository Credit Intermediation,,
Diagnostic Imaging Centers,,
Diet and Weight Reducing Centers,,
Dimension Stone Mining and Quarrying,,
Direct Health and Medical Insurance Carriers,,
Direct Insurance Carriers,,
Direct Life Insurance Carriers,,
"Direct Life, Health and Medical Insurance Carriers",,
Direct Mail Advertising,,
Direct Property and Casualty Insurance Carriers,,
Direct Selling Establishments,,
Direct Title Insurance Carriers,,
Directory and Mailing List Publishers,,
Discount Department Stores,,
Distilleries,,
Document Preparation Services,,
Dog and Cat Food,,
"Doll, Toy and Game",,
Drafting Services,,
Dried and Dehydrated Food,,
Drilling Oil and Gas Wells,,
Drinking Places,,
Drive-In Motion Picture Theaters,,
Drugs and Druggists' Sundries,,
"Dry Pasta, Dough and Flour Mixes from Purchased Flour",,
Dry Pea and Bean Farming,,
"Dry, Condensed and Evaporated Dairy Product",,
Drycleaning and Laundry Services,,
Drywall and Insulation Contractors,,
Dual-Purpose Cattle Ranching and Farming,,
Educational Services,,
Educational Support Services,,
Electric Bulk Power Transmission and Control,,
Electric Lamp Bulb and Part,,
Electric Lighting Equipment,,
Electric Power Distribution,,
Electric Power Generation,,
"Electric Power Generation, Transmission and Distribution",,
"Electric Power Transmission, Control and Distribution",,
"Electrical Apparatus and Equipment, Wiring Supplies and Related Equipment",,
Electrical Contractors and Wiring Installation Contractors,,
Electrical Equipment,,
Electrical Equipment and Component,,
"Electrical Equipment, Appliance and Component",,
Electromedical and Electrotherapeutic Apparatus,,
Electronic and Precision Equipment Repair and Maintenance,,
Electronic Auctions,,
Electronic Component,,
Electronic Computer,,
Electronic Connector,,
Electronic Parts and Equipment,,
Electronic Shopping,,
Electronic Shopping and Mail-Order Houses,,
Electronics and Appliance Stores,,
Electronics Stores,,
"Electroplating, Plating, Polishing, Anodizing and Coloring",,
Elementary and Secondary Schools,,
Elevator and Moving Stairway,,
Emergency and Relief Services,,
Employment Placement Agencies,,
Employment Placement Agencies and Executive Search Services,,
Employment Services,,
Engine Equipment,,
"Engine, Turbine and Power Transmission Equipment",,
Engineered Wood Member,,
Engineering Services,,
"Environment, Conservation and Wildlife Organizations",,
Environmental Consulting Services,,
Ethyl Alcohol,,
Exam Preparation and Tutoring,,
"Executive and Legislative Offices, Combined",,
Executive Offices,,
Executive Search Services,,
"Executive, Legislative and General Government Support",,
Explosives,,
Exterminating and Pest Control Services,,
Fabric Coating Mills,,
Fabric Mills,,
Fabricated Metal Product,,
Fabricated Pipe and Pipe Fitting,,
Fabricated Structural Metal,,
Fabricated Wire Product,,
Facilities Support Services,,
Family Clothing Stores,,
Family Planning Centers,,
Farm and Garden Machinery and Equipment,,
Farm Labor Contractors and Crew Leaders,,
Farm Machinery and Equipment,,
Farm Management Services,,
Farm Product Raw Material,,
Farm Product Warehousing and Storage,,
Farm Supplies,,
"Fastener, Button, Needle and Pin",,
Fats and Oils Refining and Blending,,
Ferrous Metal Foundries,,
Fertilizer,,
Fiber Optic Cable,,
"Fiber, Yarn and Thread Mills",,
Finance and Insurance,,
Financial Investment Activities,,
"Financial Transactions Processing, Reserve and Clearinghouse Activities",,
Financial Vehicles,,
Fine Arts Schools,,
Finfish Farming and Fish Hatcheries,,
Finfish Fishing,,
Finish Carpentry Contractors,,
Fire Protection,,
Fish and Seafood,,
Fish and Seafood Markets,,
Fishing,,
"Fishing, Hunting and Trapping",,
Fitness and Recreational Sports Centers,,
Flat Glass,,
Flavoring Syrup and Concentrate,,
Flight Training,,
Floor Covering Stores,,
Flooring Contractors,,
Floriculture Production,,
Florists,,
Flour Milling,,
Flour Milling and Malt,,
"Flower, Nursery Stock and Florists' Supplies",,
Fluid Milk,,
Fluid Power Cylinder and Actuator,,
Fluid Power Pump and Motor,,
Fluid Power Valve and Hose Fitting,,
Folding Paperboard Box,,
Food,,
Food and Beverage Stores,,
Food Crops Grown Under Cover,,
Food Product Machinery,,
Food Service Contractors,,
Food Services and Drinking Places,,
Food Supplement Stores,,
Footwear,,
Footwear and Leather Goods Repair,,
Forest Nurseries and Gathering of Forest Products,,
Forestry and Logging,,
Forging and Stamping,,
Formal Wear and Costume Rental,,
Fossil Fuel Electric Power Generation,,
"Foundation, Structure and Building Exterior Contractors",,
Foundries,,
Framing Contractors,,
Freestanding Ambulatory Surgical and Emergency Centers,,
Freight Transportation Arrangement,,
Fresh Fruit and Vegetable,,
"Frozen Cakes, Pies and Pastries",,
Frozen Food,,
"Frozen Fruit, Juice and Vegetable",,
Frozen Specialty Food,,
Fruit and Tree Nut Combination Farming,,
Fruit and Tree Nut Farming,,
Fruit and Vegetable Canning,,
"Fruit and Vegetable Canning, Pickling and Drying",,
Fruit and Vegetable Markets,,
Fruit and Vegetable Preserving and Specialty Food,,
Fuel Dealers,,
Full-Service Restaurants,,
"Funds, Trusts and Financial Vehicles",,
Funeral Homes and Funeral Services,,
Fur-Bearing Animal and Rabbit Production,,
Furniture,,
Furniture and Home Furnishing,,
Furniture and Home Furnishings Stores,,
Furniture and Related Product,,
Furniture Related Product,,
Furniture Stores,,
Gambling Industries,,
"Gasket, Packing and Sealing Device",,
Gasoline Stations,,
Gasoline Stations with Convenience Stores,,
General Automotive Repair,,
General Freight Trucking,,
General Freight Trucking  Long-Distance,,
General Freight Trucking Local,,
General Freight Trucking Long-Distance Truckload,,
"General Freight Trucking, Long-Distance Less Than Truckload",,
General Government Support,,
General Line Grocery,,
General Medical and Surgical Hospitals,,
General Merchandise Stores,,
General Purpose Machinery,,
General Rental Centers,,
General Warehousing and Storage,,
Geophysical Surveying and Mapping Services,,
Geothermal Electric Power Generation,,
"Gift, Novelty and Souvenir Stores",,
Glass and Glass Product,,
Glass and Glazing Contractors,,
Glass Container,,
Glass Product Made of Purchased Glass,,
Goat Farming,,
Gold Ore and Silver Ore Mining,,
Gold Ore Mining,,
Golf Courses and Country Clubs,,
Grain and Field Bean,,
Grain and Oilseed Milling,,
Grain Farming,,
Grantmaking and Giving Services,,
Grantmaking Foundations,,
Grape Vineyards,,
Graphic Design Services,,
"Greenhouse, Nursery and Floriculture Production",,
Greeting Card Publishers,,
Grocery and Related Product,,
Grocery and Related Products,,
Grocery Stores,,
Ground or Treated Mineral and Earth,,
Guided Missile and Space Vehicle,,
Guided Missile and Space Vehicle Parts and Auxiliary Equipment,,
Guided Missile and Space Vehicle Propulsion Unit and Propulsion Unit Parts,,
Gypsum Product,,
"Hair, Nail and Skin Care Services",,
Hardware,,
Hardware and Plumbing and Heating Equipment and Supplies,,
Hardware Stores,,
Hardwood Veneer and Plywood,,
Hay Farming,,
Hazardous Waste Collection,,
Hazardous Waste Treatment and Disposal,,
Health and Personal Care Stores,,
Health and Welfare Funds,,
Health Care and Social Assistance,,
Health Practitioners,,
Heating Equipment,,
Heavy and Civil Engineering Construction,,
Heavy Duty Truck,,
"Highway, Street and Bridge Construction",,
Historical Sites,,
HMO Medical Centers,,
"Hobby, Toy and Game Stores",,
Hog and Pig Farming,,
Holding Companies,,
Home and Garden Equipment and Appliance Repair and Maintenance,,
Home and Garden Equipment Repair and Maintenance,,
Home Centers,,
Home Furnishing,,
Home Furnishings Stores,,
Home Health Care Services,,
Home Health Equipment Rental,,
Horses and Equine Production,,
Hosiery and Sock Mills,,
Hospitals,,
Hotels and Motels,,
Household and Institutional Furniture,,
Household and Institutional Furniture and Kitchen Cabinet,,
Household Appliance,,
Household Appliance Stores,,
Household Appliances and Electrical and Electronic Goods,,
"Household Appliances, Electric Housewares and Consumer Electronics",,
Household Cooking Appliance,,
Household Furniture,,
Household Laundry Equipment,,
Household Refrigerator and Home Freezer,,
Human Resources Consulting Services,,
Human Rights Organizations,,
Hunting and Trapping,,
Hydroelectric Power Generation,,
Ice,,
Ice Cream and Frozen Dessert,,
"Independent Artists, Writers and Performers",,
Individual and Family Services,,
Industrial and Commercial Fan and Blower and Air Purification Equipment,,
Industrial and Personal Service Paper,,
Industrial Building Construction,,
Industrial Design Services,,
Industrial Gas,,
Industrial Launderers,,
Industrial Machinery,,
Industrial Machinery and Equipment,,
Industrial Mold,,
Industrial Process Furnace and Oven,,
Industrial Sand Mining,,
Industrial Supplies,,
Industrial Supplies Wholesalers,,
"Industrial Truck, Tractor, Trailer and Stacker Machinery",,
Industrial Valve,,
Information,,
Information Services,,
Inland Water Freight Transportation,,
Inland Water Passenger Transportation,,
Inland Water Transportation,,
Institutional Furniture,,
Instrument for Measuring and Testing Electricity and Electrical Signals,,
"Instruments and Related Products for Measuring, Displaying and Controlling Industrial Process Variables",,
Insurance Agencies and Brokerages,,
Insurance and Employee Benefit Funds,,
Insurance Carriers,,
Insurance Carriers and Related Activities,,
Insurance Funds,,
Insurance Related Activities,,
Integrated Record Production/Distribution,,
Interior Design Services,,
International Affairs,,
International Trade Financing,,
Internet Publishing and Broadcasting and Web Search Portals,,
Interurban and Rural Bus Transportation,,
Investigation and Security Services,,
Investigation Services,,
"Investigation, Guard and Armored Car Services",,
Investment Advice,,
Investment Banking and Securities Dealing,,
Investment Pools and Funds,,
In-Vitro Diagnostic Substance,,
Iron and Steel Forging,,
Iron and Steel Mills and Ferroalloy,,
Iron and Steel Pipe and Tube from Purchased Steel,,
Iron Foundries,,
Iron Ore Mining,,
Irradiation Apparatus,,
Janitorial Services,,
Jewelry and Silverware,,
Jewelry Stores,,
"Jewelry, Luggage and Leather Goods Stores",,
"Jewelry, Watch, Precious Stone and Precious Metal",,
Junior Colleges,,
"Justice, Public Order and Safety Activities",,
Kaolin and Ball Clay Mining,,
Kidney Dialysis Centers,,
Knit Fabric Mills,,
Labor Unions and Similar Labor Organizations,,
"Laminated Plastics Plate, Sheet  and Shape",,
Land Subdivision,,
Landscape Architectural Services,,
Landscaping Services,,
Language Schools,,
Lawn and Garden Equipment and Supplies Stores,,
Lawn and Garden Tractor and Home Lawn and Garden Equipment,,
Lawyers,,
Lead Ore and Zinc Ore Mining,,
Leather and Allied Product,,
Leather and Hide Tanning and Finishing,,
Leather Good and Allied Product,,
Legal Counsel and Prosecution,,
Legal Services,,
Legislative Bodies,,
Lessors of Miniwarehouses and Self-Storage Units,,
Lessors of Nonfinancial Intangible Assets,,
Lessors of Nonresidential Buildings,,
Lessors of Real Estate,,
Lessors of Real Estate Property,,
Lessors of Residential Buildings and Dwellings,,
Libraries and Archives,,
Light Truck and Utility Vehicle,,
Lighting Equipment,,
Lighting Fixture,,
Lime,,
Lime and Gypsum Product,,
Limited-Service Restaurants,,
Limousine Service,,
Line-Haul Railroads,,
Linen and Uniform Supply,,
Linen Supply,,
Livestock,,
Local Messengers and Local Delivery,,
Locksmiths,,
Logging,,
Luggage and Leather Goods Stores,,
Lumber and Construction Materials,,
"Lumber, Plywood, Millwork and Wood Panel",,
Machine Shops,,
"Machine Shops; Turned Product; and Screw, Nut and Bolt",,
Machine Tool,,
Machinery,,
"Machinery, Equipment and Supplies",,
Mail-Order Houses,,
Major Appliance,,
Major Household Appliance,,
Malt,,
Management Consulting Services,,
Management of Companies and Enterprises,,
"Management, Scientific and Technical Consulting Services",,
Manufactured Home,,
Manufactured Home Dealers,,
Manufacturing,,
Manufacturing and Reproducing Magnetic and Optical Media,,
Marinas,,
Marine Cargo Handling,,
Marine Fishing,,
Marketing Consulting Services,,
Marketing Research and Public Opinion Polling,,
Masonry Contractors,,
Material Handling Equipment,,
Materials Recovery Facilities,,
Mattress,,
"Mayonnaise, Dressing and Prepared Sauce",,
Measuring and Controlling Device,,
Measuring and Dispensing Pump,,
Meat and Meat Product,,
Meat Markets,,
Meat Processed from Carcasses,,
Mechanical Power Transmission Equipment,,
Media Buying Agencies,,
Media Representatives,,
Medical and Diagnostic Laboratories,,
Medical Equipment and Supplies,,
Medical Laboratories,,
"Medical, Dental and Hospital Equipment and Supplies",,
Medicinal and Botanical,,
Men’s and Boys’ Cut and Sew Apparel,,
Men's and Boys' Clothing and Furnishings,,
Men's Clothing Stores,,
Mental Health Practitioners,,
"Merchant Wholesalers, Durable Goods",,
"Merchant Wholesalers, Nondurable Goods",,
Metal and Mineral,,
Metal Can,,
"Metal Can, Box and Metal Container",,
"Metal Coating, Engraving  and Allied Services to Manufacturers",,
Metal Container,,
"Metal Crown, Closure and Metal Stamping",,
Metal Heat Treating,,
Metal Household Furniture,,
"Metal Kitchen Cookware, Utensil, Cutlery and Flatware",,
Metal Ore Mining,,
Metal Service Centers and Metal,,
Metal Tank,,
Metal Valve,,
Metal Valve and Pipe Fitting,,
Metal Window and Door,,
Metalworking Machinery,,
"Military Armored Vehicle, Tank and Tank Component",,
Millwork,,
Mineral Wool,,
Mining,,
Mining and Oil and Gas Field Machinery,,
Mining Machinery and Equipment,,
"Mining, Quarrying and Oil and Gas Extraction",,
Miscellaneous,,
Miscellaneous Ambulatory Health Care Services,,
Miscellaneous Chemical Product and Preparation,,
Miscellaneous Crop Farming,,
Miscellaneous Durable Goods,,
Miscellaneous Electrical Equipment and Component,,
Miscellaneous Fabricated Metal Product,,
Miscellaneous Financial Investment Activities,,
Miscellaneous Food,,
Miscellaneous General Purpose Machinery,,
Miscellaneous Health Practitioners,,
Miscellaneous Intermediation,,
Miscellaneous Nondurable Goods,,
Miscellaneous Nonmetallic Mineral Product,,
Miscellaneous Schools and Instruction,,
Miscellaneous Store Retailers,,
Miscellaneous Textile Product Mills,,
Miscellaneous Waste Management Services,,
Miscellaneous Wood Product,,
Mixed Mode Transit Systems,,
Mobile Food Services,,
Monetary Authorities-Central Bank,,
Mortgage and Nonmortgage Loan Brokers,,
Motion Picture and Sound Recording Industries,,
Motion Picture and Video Distribution,,
Motion Picture and Video Exhibition,,
Motion Picture and Video Industries,,
Motion Picture and Video Production,,
Motion Picture Theaters,,
Motor and Generator,,
Motor Home,,
Motor Vehicle,,
Motor Vehicle and Motor Vehicle Parts and Supplies,,
Motor Vehicle and Parts Dealers,,
Motor Vehicle Body,,
Motor Vehicle Body and Trailer,,
Motor Vehicle Brake System,,
Motor Vehicle Dealers,,
Motor Vehicle Electrical and Electronic Equipment,,
Motor Vehicle Gasoline Engine and Engine Parts,,
Motor Vehicle Metal Stamping,,
Motor Vehicle Parts,,
Motor Vehicle Seating and Interior Trim,,
Motor Vehicle Steering and Suspension Components,,
Motor Vehicle Supplies and New Parts,,
Motor Vehicle Towing,,
Motor Vehicle Transmission and Power Train Parts,,
"Motorcycle, ATV and Motor Vehicle Dealers",,
"Motorcycle, Bicycle and Parts",,
"Motorcycle, Boat and Motor Vehicle Dealers",,
Museums,,
"Museums, Historical Sites and Similar Institutions",,
Mushroom Production,,
Music Publishers,,
Musical Groups and Artists,,
Musical Instrument,,
Musical Instrument and Supplies Stores,,
Nail Salons,,
Narrow Fabric Mills and Schiffli Machine Embroidery,,
National Security,,
National Security and International Affairs,,
Natural Gas Distribution,,
Natural Gas Liquid Extraction,,
Nature Parks and Similar Institutions,,
Navigational Services to Shipping,,
"Navigational, Measuring, Electromedical and Control Instruments",,
New Car Dealers,,
New Housing For-Sale Builders,,
New Multifamily Housing Construction,,
New Single-Family Housing Construction,,
News Dealers and Newsstands,,
News Syndicates,,
Newspaper Publishers,,
"Newspaper, Periodical, Book and Directory Publishers",,
Newsprint Mills,,
Nitrogenous Fertilizer,,
Nonchocolate Confectionery,,
Noncitrus Fruit and Tree Nut Farming,,
Noncitrus Fruit Farming,,
Noncurrent-Carrying Wiring Device,,
Nondepository Credit Intermediation,,
Nonferrous Forging,,
Nonferrous Metal Die-Casting Foundries,,
Nonferrous Metal Foundries,,
Nonferrous Metal Production and Processing,,
"Nonferrous Metal Rolling, Drawing and Extruding",,
"Nonferrous Metal Rolling, Drawing, Extruding and Alloying",,
Nonferrous Metal Smelting and Refining,,
Nonhazardous Waste Treatment and Disposal,,
Nonmetallic Mineral Mining,,
Nonmetallic Mineral Mining and Quarrying,,
Nonmetallic Mineral Product,,
Nonresidential Building Construction,,
Nonresidential Property Managers,,
Nonscheduled Air Transportation,,
Nonscheduled Chartered Freight Air Transportation,,
Nonscheduled Chartered Passenger Air Transportation,,
Nonstore Retailers,,
Nonupholstered Wood Household Furniture,,
Nonwoven Fabric Mills,,
Notaries,,
Nuclear Electric Power Generation,,
Nursery and Floriculture Production,,
Nursery and Tree Production,,
"Nursery, Garden Center and Farm Supply Stores",,
Nursing and Residential Care Facilities,,
Nursing Care Facilities,,
Office Administrative Services,,
Office Equipment,,
Office Furniture,,
Office Machinery and Equipment Rental and Leasing,,
Office Supplies,,
Office Supplies and Stationery Stores,,
"Office Supplies, Stationery and Gift Stores",,
Oil and Gas Extraction,,
Oil and Gas Field Machinery and Equipment,,
Oil and Gas Pipeline and Related Structures Construction,,
Oilseed and Grain Combination Farming,,
Oilseed and Grain Farming,,
Oilseed Farming,,
One-Hour Photofinishing,,
Open-End Investment Funds,,
Ophthalmic Goods,,
Optical Goods Stores,,
Optical Instrument and Lens,,
Optometrists,,
Orange Groves,,
Ornamental and Architectural Metal Products,,
Ornamental and Architectural Metal Work,,
Outdoor Advertising,,
Outdoor Power Equipment Stores,,
Outpatient Care Centers,,
Outpatient Mental Health and Substance Abuse Centers,,
"Overhead Traveling Crane, Hoist and Monorail System",,
Packaged Frozen Food,,
Packaging and Labeling Services,,
Packaging Machinery,,
Packing and Crating,,
Paint and Coating,,
Paint and Wallpaper Stores,,
"Paint, Coating and Adhesive",,
"Paint, Varnish and Supplies",,
Painting and Wall Covering Contractors,,
Paper,,
Paper and Paper Product,,
Paper Bag and Coated and Treated Paper,,
Paper Mills,,
Paperboard Container,,
Paperboard Mills,,
Parking Lots and Garages,,
Parole Offices and Probation Offices,,
Passenger Car Leasing,,
Passenger Car Rental,,
Passenger Car Rental and Leasing,,
Payroll Services,,
Peanut Farming,,
Pension Funds,,
Performing Arts Companies,,
"Performing Arts, Spectator Sports and Related Industries",,
Periodical Publishers,,
Perishable Prepared Food,,
Personal and Household Goods Repair and Maintenance,,
Personal and Laundry Services,,
Personal Care Services,,
Personal Services,,
Pesticide and Agricultural Chemical,,
"Pesticide, Fertilizer and Agricultural Chemical",,
Pet and Pet Supplies Stores,,
Pet Care Services,,
Petrochemical,,
Petroleum and Coal Products,,
Petroleum and Petroleum Products,,
Petroleum Bulk Stations and Terminals,,
Petroleum Lubricating Oil and Grease,,
Petroleum Refineries,,
Pharmaceutical and Medicine,,
Pharmaceutical Preparation,,
Pharmacies and Drug Stores,,
Phosphate Rock Mining,,
Phosphatic Fertilizer,,
Photofinishing,,
Photofinishing Laboratories,,
Photographic and Photocopying Equipment,,
Photographic Equipment and Supplies,,
"Photographic Film, Paper, Plate and Chemical",,
Photographic Services,,
"Photography Studios, Portrait",,
"Physical, Occupational and Speech Therapists and Audiologists",,
Physicians,,
"Physicians, Mental Health Specialists",,
"Piece Goods, Notions and Dry Goods",,
Pipeline Transportation,,
Pipeline Transportation of Crude Oil,,
Pipeline Transportation of Natural Gas,,
Pipeline Transportation of Refined Petroleum Products,,
Plastics and Rubber Products,,
Plastics Bag and Pouch,,
Plastics Bottle,,
Plastics Material and Resin,,
Plastics Materials and Basic Forms and Shapes,,
Plastics Packaging Film and Sheet,,
Plastics Packaging Materials and Unlaminated Film and Sheet,,
Plastics Pipe and Pipe Fitting,,
"Plastics Pipe, Pipe Fitting and Unlaminated Profile Shape",,
Plastics Plumbing Fixture,,
Plastics Product,,
Plate Work,,
Plate Work and Fabricated Structural Product,,
Plumbing and Heating Equipment and Supplies,,
Plumbing Fixture Fitting and Trim,,
"Plumbing, Heating and Air-Conditioning Contractors",,
Podiatrists,,
Police Protection,,
Polish and Sanitation Good,,
Political Organizations,,
Polystyrene Foam Product,,
Port and Harbor Operations,,
Portfolio Management,,
Postal Service,,
Postharvest Crop Activities,,
Postproduction Services and Motion Picture and Video Industries,,
"Potash, Soda and Borate Mineral Mining",,
Potato Farming,,
"Pottery, Ceramics, and Plumbing Fixture",,
Poultry and Egg Production,,
Poultry and Poultry Product,,
Poultry Hatcheries,,
Poultry Processing,,
Poultry Production,,
Poured Concrete Foundation and Structure Contractors,,
Powder Metallurgy Part,,
Power and Communication Line and Related Structures Construction,,
Power Boiler and Heat Exchanger,,
Power Distribution and Specialty Transformer,,
Power-Driven Handtool,,
Precision Turned Product,,
Prefabricated Metal Building and Component,,
Prefabricated Wood Building,,
Pressed and Blown Glass and Glassware,,
Primary Battery,,
Primary Metal,,
Printed Circuit Assembly,,
Printing,,
Printing and Related Support Activities,,
Printing and Writing Paper,,
Printing Ink,,
Printing Machinery and Equipment,,
Private Households,,
Private Mail Centers,,
"Process, Physical Distribution and Logistics Consulting Services",,
Professional and Commercial Equipment and Supplies,,
Professional and Management Development Training,,
Professional Employer Organizations,,
Professional Equipment and Supplies,,
Professional Organizations,,
"Professional, Scientific and Technical Services",,
"Promoters of Performing Arts, Sports and Similar Events",,
"Promoters of Performing Arts, Sports and Similar Events with Facilities",,
"Promoters of Performing Arts, Sports and Similar Events without Facilities",,
Psychiatric and Substance Abuse Hospitals,,
Public Administration,,
Public Finance Activities,,
Public Relations Agencies,,
Publishers,,
Publishing Industries,,
Pulp Mills,,
"Pulp, Paper and Paperboard Mills",,
Pump and Compressor,,
Pump and Pumping Equipment,,
Racetracks,,
Radio and Television Broadcasting,,
Radio and Television Broadcasting and Wireless Communications Equipment,,
Radio Broadcasting,,
Radio Networks,,
Radio Stations,,
Rail Transportation,,
Railroad Rolling Stock,,
Ready-Mix Concrete,,
Real Estate,,
Real Estate Agents and Brokers,,
Real Estate and Rental and Leasing,,
Real Estate Appraisers,,
Real Estate Credit,,
Real Estate Property Managers,,
Reconstituted Wood Product,,
Record Production,,
Recreational and Vacation Camps,,
Recreational Goods Rental,,
Recreational Vehicle Dealers,,
Recyclable Material,,
Refrigerated Warehousing and Storage,,
Refrigeration Equipment and Supplies,,
"Regulation and Administration of Communications, Electric, Gas and Utilities",,
Regulation and Administration of Transportation Programs,,
Regulation of Agricultural Marketing and Commodities,,
"Regulation, Licensing and Inspection of Miscellaneous Commercial Sectors",,
Reinsurance Carriers,,
Relay and Industrial Control,,
Religious Organizations,,
"Religious, Grantmaking, Civic, Professional and Similar Organizations",,
Remediation and Waste Management Services,,
Remediation Services,,
Rendering and Meat Byproduct Processing,,
Rental and Leasing Services,,
Repair and Maintenance,,
Repossession Services,,
Research and Development in Biotechnology,,
"Research and Development in the Physical, Engineering and Life Sciences",,
Research and Development in the Social Sciences and Humanities,,
Residential Building Construction,,
Residential Care Facilities,,
Residential Electric Lighting Fixture,,
Residential Intellectual and Developmental Disability Facilities,,
"Residential Intellectual and Developmental Disability, Mental Health and Substance Abuse Facilities",,
Residential Mental Health and Substance Abuse Facilities,,
Residential Property Managers,,
Residential Remodelers,,
Resin and Synthetic Rubber,,
"Resin, Synthetic Rubber and Artificial Synthetic Fibers and Filaments",,
Restaurants and Eating Places,,
Retail Bakeries,,
Retail Trade,,
Reupholstery and Furniture Repair,,
Rice Farming,,
Rice Milling,,
Roasted Nuts and Peanut Butter,,
Rolled Steel Shape,,
Rolling and Drawing of Purchased Steel,,
Rolling Mill and Metalworking Machinery,,
Roofing Contractors,,
"Roofing, Siding and Insulation Material",,
Rooming and Boarding Houses,,
"Rope, Cordage, Twine, Tire Cord and Tire Fabric Mills",,
Rubber and Plastics Hoses and Belting,,
Rubber Product,,
Rubber Product for Mechanical Use,,
RV Parks and Campgrounds,,
RV Parks and Recreational Camps,,
Sales Financing,,
"Sand, Gravel, Clay and Ceramic and Refractory Minerals Mining and Quarrying",,
Sanitary Paper Product,,
Satellite Telecommunications,,
Savings Institutions,,
Saw Blade and Handtool,,
"Sawmill, Woodworking and Paper Machinery",,
Sawmills,,
Sawmills and Wood Preservation,,
Scale and Balance,,
Scenic and Sightseeing Transportation,,
Scenic and Sightseeing Transportation  Land,,
Scenic and Sightseeing Transportation  Other,,
Scenic and Sightseeing Transportation  Water,,
Scheduled Air Transportation,,
Scheduled Freight Air Transportation,,
Scheduled Passenger Air Transportation,,
School and Employee Bus Transportation,,
Schools and Instruction,,
Scientific and Technical Consulting Services,,
Scientific Research and Development Services,,
Seafood Product Preparation and Packaging,,
"Search, Detection, Navigation, Guidance, Aeronautical and Nautical System and Instrument",,
Seasoning and Dressing,,
Secondary Market Financing,,
Secondary Smelting and Alloying of Aluminum,,
"Secondary Smelting, Refining and Alloying of Nonferrous Metal",,
Securities and Commodity Contracts Intermediation and Brokerage,,
Securities and Commodity Exchanges,,
Securities Brokerage,,
"Securities, Commodity Contracts and Financial Investments and Related Activities",,
Security Guards and Patrol Services,,
Security Systems Services,,
Semiconductor and Electronic Component,,
Semiconductor and Related Device,,
Semiconductor Machinery,,
Septic Tank and Related Services,,
Service Establishment Equipment and Supplies,,
Services,,
Services for the Elderly and Persons with Disabilities,,
Services Related to Advertising,,
Services to Buildings and Dwellings,,
Sewage Treatment Facilities,,
"Sewing, Needlework and Piece Goods Stores",,
Sheep and Goat Farming,,
Sheep Farming,,
Sheet Metal Work,,
Shellfish Farming,,
Shellfish Fishing,,
Ship and Boat Building,,
Ship Building and Repairing,,
Shoe Stores,,
Short Line Railroads,,
"Showcase, Partition, Shelving and Locker",,
Siding Contractors,,
Sign,,
Silver Ore Mining,,
Similar Organizations,,
Site Preparation Contractors,,
Skiing Facilities,,
Small Arms Ammunition,,
"Small Arms, Ordnance and Ordnance Accessories",,
Small Electrical Appliance,,
Snack and Nonalcoholic Beverage Bars,,
Snack Food,,
Soap and Cleaning Compound,,
Soap and Detergent,,
"Soap, Cleaning Compound and Toilet Preparation",,
Social Advocacy Organizations,,
Social Assistance,,
Soft Drink,,
Soft Drink and Ice,,
"Software and Prerecorded Compact Disc, Tape and Record Reproducing",,
Software Publishers,,
Softwood Veneer and Plywood,,
"Soil Preparation, Planting and Cultivating",,
Solar Electric Power Generation,,
Solid Waste Collection,,
Solid Waste Combustors and Incinerators,,
Solid Waste Landfill,,
Sound Recording Industries,,
Sound Recording Studios,,
Soybean and Oilseed Processing,,
Soybean Farming,,
Space Research and Technology,,
"Special Die and Tool, Die Set, Jig and Fixture",,
Special Food Services,,
Special Needs Transportation,,
Specialized Design Services,,
Specialized Freight Trucking,,
Specialized Freight Trucking  Local,,
Specialized Freight Trucking Long-Distance,,
Specialty Canning,,
Specialty Food Stores,,
Specialty Hospitals,,
Specialty Trade Contractors,,
Spectator Sports,,
"Speed Changer, Industrial High-Speed Drive and Gear",,
Spice and Extract,,
Sporting and Athletic Goods,,
Sporting and Recreational Goods and Supplies,,
Sporting and Recreational Goods and Supplies Wholesalers,,
Sporting Goods Stores,,
"Sporting Goods, Hobby and Musical Instrument Stores",,
"Sporting Goods, Hobby, Musical Instrument and Book Stores",,
Sports and Recreation Instruction,,
Sports Teams and Clubs,,
Spring,,
Spring and Wire Product,,
Starch and Vegetable Fats and Oils,,
Stationery and Office Supplies,,
Stationery Product,,
Steam and Air-Conditioning Supply,,
Steel Foundries,,
Steel Investment Foundries,,
Steel Product from Purchased Steel,,
Steel Wire Drawing,,
Stone Mining and Quarrying,,
Storage Battery,,
Strawberry Farming,,
Structural Steel and Precast Concrete Contractors,,
Sugar,,
Sugar and Confectionery Product,,
Sugar Beet Farming,,
Sugarcane Farming,,
Supermarkets and Grocery Stores,,
Support Activities for Agriculture and Forestry,,
Support Activities for Air Transportation,,
Support Activities for Animal Production,,
Support Activities for Coal Mining,,
Support Activities for Crop Production,,
Support Activities for Forestry,,
Support Activities for Metal Mining,,
Support Activities for Mining,,
Support Activities for Nonmetallic Minerals Mining,,
Support Activities for Oil and Gas Operations,,
Support Activities for Printing,,
Support Activities for Rail Transportation,,
Support Activities for Road Transportation,,
Support Activities for Transportation,,
Support Activities for Water Transportation,,
Support Services,,
Surface Active Agent,,
Surgical and Medical Instrument,,
Surgical Appliance and Supplies,,
Surveying and Mapping Services,,
Switchgear and Switchboard Apparatus,,
Synthetic Dye and Pigment,,
Synthetic Rubber,,
Tax Preparation Services,,
Taxi and Limousine Service,,
Taxi Service,,
Technical and Trade Schools,,
Telecommunications,,
Telecommunications Resellers,,
Telemarketing Bureaus and Contact Centers,,
Telephone Answering Services,,
Telephone Apparatus,,
Telephone Call Centers,,
Teleproduction and Postproduction Services,,
Television Broadcasting,,
Temporary Help Services,,
Temporary Shelters,,
Testing Laboratories,,
Textile and Fabric Finishing and Fabric Coating Mills,,
Textile and Fabric Finishing Mills,,
Textile Bag and Canvas Mills,,
Textile Furnishings Mills,,
Textile Mills,,
Textile Product Mills,,
Theater Companies and Dinner Theaters,,
Third Party Administration of Insurance and Pension Funds,,
Tile and Terrazzo Contractors,,
Timber Tract Operations,,
Tire,,
Tire and Tube,,
Tire Dealers,,
Tire Retreading,,
Title Abstract and Settlement Offices,,
Tobacco,,
Tobacco and Tobacco Product,,
Tobacco Farming,,
Tobacco Stores,,
Toilet Preparation,,
Tortilla,,
Totalizing Fluid Meter and Counting Device,,
Tour Operators,,
Toy and Hobby Goods and Supplies,,
Transit and Ground Passenger Transportation,,
Translation and Interpretation Services,,
Transportation and Warehousing,,
Transportation Equipment,,
Transportation Equipment and Supplies,,
Travel Agencies,,
Travel Arrangement and Reservation Services,,
Travel Trailer and Camper,,
Traveler Accommodation,,
Tree Nut Farming,,
Truck Trailer,,
Truck Transportation,,
"Truck, Utility Trailer and RV Rental and Leasing",,
Truss,,
"Trust, Fiduciary and Custody Activities",,
"Trusts, Estates and Agency Accounts",,
Turbine and Turbine Generator Set Units,,
Turkey Production,,
"Turned Product and Screw, Nut and Bolt",,
Unlaminated Plastics Film and Sheet,,
Unlaminated Plastics Profile Shape,,
Upholstered Household Furniture,,
Uranium-Radium-Vanadium Ore Mining,,
Urban Transit Systems,,
Urethane and Foam Product,,
Used Car Dealers,,
Used Household and Office Goods Moving,,
Used Merchandise Stores,,
Utilities,,
Utility System Construction,,
Vegetable and Melon Farming,,
Vending Machine Operators,,
"Veneer, Plywood and Engineered Wood Product",,
"Ventilation, Heating, Air-Conditioning and Commercial Refrigeration Equipment",,
Veterinary Services,,
Video Tape and Disc Rental,,
Vocational Rehabilitation Services,,
Voluntary Health Organizations,,
Warehouse Clubs and Supercenters,,
Warehousing and Storage,,
Warm Air Heating and Air-Conditioning Equipment and Supplies,,
Waste Collection,,
Waste Management and Remediation Services,,
Waste Management Services,,
Waste Treatment and Disposal,,
Water and Sewer Line and Related Structures Construction,,
Water Supply and Irrigation Systems,,
Water Transportation,,
"Water, Sewage and Systems",,
Welding and Soldering Equipment,,
Wet Corn Milling,,
Wheat Farming,,
Wholesale Electronic Markets and Agents and Brokers,,
Wholesale Trade,,
Wholesale Trade Agents and Brokers,,
Wind Electric Power Generation,,
Window Treatment Stores,,
Wine and Distilled Alcoholic Beverage,,
Wineries,,
Wired Telecommunications Carriers,,
Wireless Telecommunications Carriers,,
Wiring Device,,
"Women’s, Girls’ and Infants’ Cut and Sew Apparel",,
Women's Clothing Stores,,
Women's Handbag and Purse,,
"Women's, Children's and Infants' Clothing and Accessories",,
Wood Container and Pallet,,
Wood Kitchen Cabinet and Countertop,,
Wood Office Furniture,,
Wood Preservation,,
Wood Product,,
Wood Window and Door,,
Zoos and Botanical Gardens,,
